{
    "contentType": "collection",
    "contentId": "motd-default-collection",
    "tcId": "634e8e85-e2fc-4c68-bb10-93604cf6605f",
    "contentItems": [
      {
        "contentType": "content-item",
        "contentId": "46874c56-0973-4cbe-ac98-b580c5b36df5",
        "tcId": "61fb3dd8-f23d-45cc-9058-058ab223ba5c",
        "contentFields": {
          "body": {
            "ar": "تم الإنشاء بواسطة بورلون، هذا هو خلفية معدلة، جميع حقوق الخلفية الأصلية تذهب إلى لاوين",
            "en": "Created by Burlone, This is a modded backend, all main backend credits to lawin",
            "de": "Erstellt von Burlone, dies ist ein modifiziertes Backend, alle Hauptcredits für das Backend gehen an Lawin",
            "es": "Creado por Burlone, este es un backend modificado, todos los créditos del backend principal van para Lawin",
            "es-419": "Creado por Burlone, este es un backend modificado, todos los créditos del backend principal van para Lawin",
            "fr": "Créé par Burlone, il s'agit d'un backend modifié, tous les crédits du backend principal vont à Lawin",
            "it": "Creato da Burlone, questo è un backend modificato, tutti i crediti del backend principale vanno a Lawin",
            "ja": "Burloneによって作成されました。これは改造されたバックエンドです。すべてのメインバックエンドのクレジットはLawinに帰属します",
            "ko": "Burlone이 만든 수정된 백엔드입니다. 모든 주요 백엔드 크레딧은 Lawin에게 있습니다",
            "pl": "Stworzone przez Burlone, to jest zmodyfikowany backend, wszystkie główne zasługi należą do Lawina",
            "pt-BR": "Criado por Burlone, este é um backend modificado, todos os créditos do backend principal vão para Lawin",
            "ru": "Создано Burlone, это модифицированный бэкенд, все основные заслуги за бэкенд принадлежат Lawin",
            "tr": "Burlone tarafından oluşturulmuştur, bu modifiye bir backend'dir, tüm ana backend kredileri Lawin'e aittir"
          },
          "entryType": "Website",
          "image": [
            {
              "width": 1920,
              "height": 1080,
              "url": "https://i.imgur.com/ImIwpRm.png"
            }
          ],
          "tabTitleOverride": "Neon",
          "tileImage": [
            {
              "width": 1024,
              "height": 512,
              "url": "https://i.imgur.com/KaJkHgq.png"
            }
          ],
          "title": {
            "ar": "مرحبًا بك في Neon!",
            "en": "Welcome to Neon!",
            "de": "Willkommen bei Neon!",
            "es": "¡Bienvenidos a Neon!",
            "es-419": "¡Bienvenidos a Neon!",
            "fr": "Bienvenue sur Reload !",
            "it": "Benvenuto in Neon!",
            "ja": "Reloadへようこそ！",
            "ko": "Reload에 오신 것을 환영합니다!",
            "pl": "Witaj w Reloadze!",
            "pt-BR": "Bem-vindo ao Neon!",
            "ru": "Добро пожаловать в Neon!",
            "tr": "Reload'a Hoş Geldiniz!"
          },
          "videoAutoplay": false,
          "videoLoop": false,
          "videoMute": false,
          "videoStreamingEnabled": false,
          "websiteButtonText": "",
          "websiteURL": ""
        },
        "contentHash": "reloadbackendcontenthashtylawin",
        "contentSchemaName": "MotdWebsiteNewsWithVideo"
        }
    ]
}