{
  "//": "BR Item Shop Config",
  "daily1": {
    "itemGrants": [
      "AthenaCharacter:CID_134_Athena_Commando_M_Jailbird"
    ],
    "price": 1500
  },
  "daily2": {
    "itemGrants": [
      "AthenaCharacter:CID_329_Athena_Commando_F_SnowNinja"
    ],
    "price": 1500
  },
  "daily3": {
    "itemGrants": [
      "AthenaDance:EID_MicDrop"
    ],
    "price": 500
  },
  "daily4": {
    "itemGrants": [
      "AthenaBackpack:BID_009_SkiDude_GBR"
    ],
    "price": 1500
  },
  "daily5": {
    "itemGrants": [
      "AthenaGlider:Glider_ID_003_District"
    ],
    "price": 500
  },
  "daily6": {
    "itemGrants": [
      "AthenaPickaxe:Pickaxe_ID_168_Bandolier"
    ],
    "price": 500
  },
  "featured1": {
    "itemGrants": [
      "AthenaCharacter:CID_456_Athena_Commando_F_Sarong"
    ],
    "price": 1200
  },
  "featured2": {
    "itemGrants": [
      "AthenaCharacter:CID_080_Athena_Commando_M_Space"
    ],
    "price": 1500
  }
}